{"cameraMode":{"drawMode":0,"name":"Shaded","section":"Shading Mode"},"sceneLighting":false,"audioPlay":false,"sceneViewState":{"showFog":true,"showMaterialUpdate":true,"showSkybox":false,"showFlares":true,"showImageEffects":true,"showParticleSystems":true},"in2DMode":false,"pivot":{"x":-8.76890754699707,"y":-0.2567797899246216,"z":98.8412094116211},"rotation":{"x":0.01603342965245247,"y":0.7513850331306458,"z":-0.018269533291459085,"w":0.6594158411026001},"size":7.0268049240112309,"orthographic":false}