{"cameraMode":{"drawMode":0,"name":"Shaded","section":"Shading Mode"},"sceneLighting":false,"audioPlay":false,"sceneViewState":{"showFog":true,"showMaterialUpdate":true,"showSkybox":false,"showFlares":true,"showImageEffects":true,"showParticleSystems":true},"in2DMode":false,"pivot":{"x":-4.200341701507568,"y":-2.0063915252685549,"z":77.0452880859375},"rotation":{"x":-0.02935015968978405,"y":0.7415344715118408,"z":-0.03250593692064285,"w":-0.6694893836975098},"size":4.538387775421143,"orthographic":false}