{"cameraMode":{"drawMode":0,"name":"Shaded","section":"Shading Mode"},"sceneLighting":false,"audioPlay":false,"sceneViewState":{"showFog":true,"showMaterialUpdate":true,"showSkybox":false,"showFlares":true,"showImageEffects":true,"showParticleSystems":true},"in2DMode":false,"pivot":{"x":-15.19970703125,"y":-0.44688189029693606,"z":113.9887466430664},"rotation":{"x":0.06169388070702553,"y":0.8975486755371094,"z":-0.13318262994289399,"w":0.4157705008983612},"size":334.9431457519531,"orthographic":false}