{"cameraMode":{"drawMode":0,"name":"Shaded","section":"Shading Mode"},"sceneLighting":false,"audioPlay":false,"sceneViewState":{"showFog":true,"showMaterialUpdate":true,"showSkybox":false,"showFlares":true,"showImageEffects":true,"showParticleSystems":true},"in2DMode":false,"pivot":{"x":-3.4609525203704836,"y":0.9462146759033203,"z":105.23465728759766},"rotation":{"x":0.05621832609176636,"y":-0.7310200929641724,"z":0.06067417934536934,"w":0.677327036857605},"size":3.004849910736084,"orthographic":false}