{"cameraMode":{"drawMode":0,"name":"Shaded","section":"Shading Mode"},"sceneLighting":false,"audioPlay":false,"sceneViewState":{"showFog":true,"showMaterialUpdate":true,"showSkybox":true,"showFlares":true,"showImageEffects":true,"showParticleSystems":true},"in2DMode":false,"pivot":{"x":-6.800000190734863,"y":-0.19999998807907105,"z":76.02009582519531},"rotation":{"x":0.04166474565863609,"y":0.02547983080148697,"z":0.0010627810843288899,"w":-0.9988061785697937},"size":12.051470756530762,"orthographic":false}