{"cameraMode":{"drawMode":0,"name":"Shaded","section":"Shading Mode"},"sceneLighting":false,"audioPlay":false,"sceneViewState":{"showFog":true,"showMaterialUpdate":true,"showSkybox":true,"showFlares":true,"showImageEffects":true,"showParticleSystems":true},"in2DMode":false,"pivot":{"x":1.3471343517303467,"y":0.3746457099914551,"z":97.21931457519531},"rotation":{"x":0.01168838795274496,"y":0.01741061918437481,"z":0.00020521502301562577,"w":-0.9997845888137817},"size":17.431232452392579,"orthographic":false}